S1	E1	S2	E2	Reference	Contig	IDY	Ambiguous	Best_group
3118691	3148252	56	29630	GCF_000006765.1_ASM676v1_genomic_NC_002516.2	NODE_6_length_459318_cov_175.679441	99.39		True
relocation, inconsistency = -2249
3148359	3171531	31986	55070	GCF_000006765.1_ASM676v1_genomic_NC_002516.2	NODE_6_length_459318_cov_175.679441	99.0		True
relocation, inconsistency = -4878
3173533	3371295	61950	259716	GCF_000006765.1_ASM676v1_genomic_NC_002516.2	NODE_6_length_459318_cov_175.679441	99.56		True
relocation, inconsistency = -2047
3369249	3408221	259717	298689	GCF_000006765.1_ASM676v1_genomic_NC_002516.2	NODE_6_length_459318_cov_175.679441	99.54		True
local misassembly
3407499	3475538	298690	366731	GCF_000006765.1_ASM676v1_genomic_NC_002516.2	NODE_6_length_459318_cov_175.679441	99.57		True
local misassembly
3475730	3526477	366732	417480	GCF_000006765.1_ASM676v1_genomic_NC_002516.2	NODE_6_length_459318_cov_175.679441	99.58		True
relocation, inconsistency = 7647
3547689	3575968	431045	459318	GCF_000006765.1_ASM676v1_genomic_NC_002516.2	NODE_6_length_459318_cov_175.679441	99.58		True
CONTIG	NODE_6_length_459318_cov_175.679441	459318	misassembled
4281739	4309970	28234	1	GCF_000006765.1_ASM676v1_genomic_NC_002516.2	NODE_8_length_453819_cov_168.292731	99.32		True
relocation, inconsistency = -3996
4225664	4281752	88304	32217	GCF_000006765.1_ASM676v1_genomic_NC_002516.2	NODE_8_length_453819_cov_168.292731	99.6		True
relocation, inconsistency = -6835
4008951	4225553	311834	95250	GCF_000006765.1_ASM676v1_genomic_NC_002516.2	NODE_8_length_453819_cov_168.292731	99.6		True
local misassembly
3948002	4008732	372542	311835	GCF_000006765.1_ASM676v1_genomic_NC_002516.2	NODE_8_length_453819_cov_168.292731	99.58		True
local misassembly
3930743	3948570	390353	372543	GCF_000006765.1_ASM676v1_genomic_NC_002516.2	NODE_8_length_453819_cov_168.292731	99.51		True
relocation, inconsistency = 16488
3907188	3914108	397413	390500	GCF_000006765.1_ASM676v1_genomic_NC_002516.2	NODE_8_length_453819_cov_168.292731	99.57		True
relocation, inconsistency = 7193
3874646	3899934	422755	397474	GCF_000006765.1_ASM676v1_genomic_NC_002516.2	NODE_8_length_453819_cov_168.292731	99.42		True
local misassembly
3843599	3874531	453745	422756	GCF_000006765.1_ASM676v1_genomic_NC_002516.2	NODE_8_length_453819_cov_168.292731	99.15		True
local misassembly
3843323	3843396	453819	453746	GCF_000006765.1_ASM676v1_genomic_NC_002516.2	NODE_8_length_453819_cov_168.292731	95.58		True
CONTIG	NODE_8_length_453819_cov_168.292731	453819	misassembled
1671364	1882541	25	211130	GCF_000006765.1_ASM676v1_genomic_NC_002516.2	NODE_9_length_401563_cov_185.095971	99.38		True
local misassembly
1882456	1888867	211166	217588	GCF_000006765.1_ASM676v1_genomic_NC_002516.2	NODE_9_length_401563_cov_185.095971	98.88		True
local misassembly
1888132	2042130	217589	371605	GCF_000006765.1_ASM676v1_genomic_NC_002516.2	NODE_9_length_401563_cov_185.095971	99.4		True
local misassembly
2041393	2071350	371606	401563	GCF_000006765.1_ASM676v1_genomic_NC_002516.2	NODE_9_length_401563_cov_185.095971	98.64		True
CONTIG	NODE_9_length_401563_cov_185.095971	401563	correct
2451596	2486242	34707	56	GCF_000006765.1_ASM676v1_genomic_NC_002516.2	NODE_11_length_346684_cov_155.370168	99.5		True
relocation, inconsistency = 2722298
5260377	5263232	86544	89399	GCF_000006765.1_ASM676v1_genomic_NC_002516.2	NODE_11_length_346684_cov_155.370168	94.76		True
relocation, inconsistency = 2820687
2318223	2438984	210805	90105	GCF_000006765.1_ASM676v1_genomic_NC_002516.2	NODE_11_length_346684_cov_155.370168	99.49		True
relocation, inconsistency = 6707
2279853	2311107	242466	211214	GCF_000006765.1_ASM676v1_genomic_NC_002516.2	NODE_11_length_346684_cov_155.370168	99.43		True
local misassembly
2279379	2279535	242630	242474	GCF_000006765.1_ASM676v1_genomic_NC_002516.2	NODE_11_length_346684_cov_155.370168	98.09		True
relocation, inconsistency = 1880
2229137	2277496	291022	242633	GCF_000006765.1_ASM676v1_genomic_NC_002516.2	NODE_11_length_346684_cov_155.370168	99.1		True
relocation, inconsistency = 2742
2217336	2226247	300081	291170	GCF_000006765.1_ASM676v1_genomic_NC_002516.2	NODE_11_length_346684_cov_155.370168	99.42		True
local misassembly
2171452	2218039	346684	300082	GCF_000006765.1_ASM676v1_genomic_NC_002516.2	NODE_11_length_346684_cov_155.370168	99.6		True
CONTIG	NODE_11_length_346684_cov_155.370168	346684	misassembled
5269747	5321058	1	51311	GCF_000006765.1_ASM676v1_genomic_NC_002516.2	NODE_12_length_341645_cov_184.151052	99.54		True
local misassembly
5320429	5361339	51312	92219	GCF_000006765.1_ASM676v1_genomic_NC_002516.2	NODE_12_length_341645_cov_184.151052	99.62		True
local misassembly
5361441	5382519	92220	113261	GCF_000006765.1_ASM676v1_genomic_NC_002516.2	NODE_12_length_341645_cov_184.151052	99.54		True
relocation, inconsistency = 1372
5383892	5455011	113262	184397	GCF_000006765.1_ASM676v1_genomic_NC_002516.2	NODE_12_length_341645_cov_184.151052	99.61		True
local misassembly
5455224	5612211	184398	341395	GCF_000006765.1_ASM676v1_genomic_NC_002516.2	NODE_12_length_341645_cov_184.151052	99.56		True
CONTIG	NODE_12_length_341645_cov_184.151052	341645	misassembled
5612277	5725080	2268	115071	GCF_000006765.1_ASM676v1_genomic_NC_002516.2	NODE_13_length_320081_cov_228.324255	99.41		True
local misassembly
5726104	5726611	116973	117480	GCF_000006765.1_ASM676v1_genomic_NC_002516.2	NODE_13_length_320081_cov_228.324255	90.55		True
local misassembly
5727409	5798637	118275	189505	GCF_000006765.1_ASM676v1_genomic_NC_002516.2	NODE_13_length_320081_cov_228.324255	99.48		True
relocation, inconsistency = -13827
5798591	5915365	203286	320077	GCF_000006765.1_ASM676v1_genomic_NC_002516.2	NODE_13_length_320081_cov_228.324255	99.44		True
CONTIG	NODE_13_length_320081_cov_228.324255	320081	misassembled
3087873	3088130	1006	749	GCF_000006765.1_ASM676v1_genomic_NC_002516.2	NODE_15_length_293427_cov_232.271192	97.29		True
local misassembly
3044847	3087636	43927	1086	GCF_000006765.1_ASM676v1_genomic_NC_002516.2	NODE_15_length_293427_cov_232.271192	99.33		True
relocation, inconsistency = 1372
2947618	3043474	139772	43928	GCF_000006765.1_ASM676v1_genomic_NC_002516.2	NODE_15_length_293427_cov_232.271192	99.62		True
relocation, inconsistency = -50494
2936477	2947641	201407	190243	GCF_000006765.1_ASM676v1_genomic_NC_002516.2	NODE_15_length_293427_cov_232.271192	99.71		True
relocation, inconsistency = -31747
2915038	2936423	254594	233208	GCF_000006765.1_ASM676v1_genomic_NC_002516.2	NODE_15_length_293427_cov_232.271192	99.62		True
local misassembly
2877186	2915982	293374	254595	GCF_000006765.1_ASM676v1_genomic_NC_002516.2	NODE_15_length_293427_cov_232.271192	99.49		True
CONTIG	NODE_15_length_293427_cov_232.271192	293427	misassembled
6045214	6086196	1	40981	GCF_000006765.1_ASM676v1_genomic_NC_002516.2	NODE_17_length_271995_cov_262.106968	99.59		True
relocation, inconsistency = -1426
6084771	6090788	40982	46990	GCF_000006765.1_ASM676v1_genomic_NC_002516.2	NODE_17_length_271995_cov_262.106968	98.97		True
local misassembly
6090921	6186484	47122	142672	GCF_000006765.1_ASM676v1_genomic_NC_002516.2	NODE_17_length_271995_cov_262.106968	99.31		True
local misassembly
6185840	6188025	142673	144858	GCF_000006765.1_ASM676v1_genomic_NC_002516.2	NODE_17_length_271995_cov_262.106968	99.39		True
local misassembly
6187916	6209407	144859	166349	GCF_000006765.1_ASM676v1_genomic_NC_002516.2	NODE_17_length_271995_cov_262.106968	99.38		True
relocation, inconsistency = -1215
6209481	6241499	167638	199626	GCF_000006765.1_ASM676v1_genomic_NC_002516.2	NODE_17_length_271995_cov_262.106968	99.28		True
relocation, inconsistency = -7151
6241772	6262029	207050	227307	GCF_000006765.1_ASM676v1_genomic_NC_002516.2	NODE_17_length_271995_cov_262.106968	99.47		True
relocation, inconsistency = -1096
6260934	6264404	227308	230779	GCF_000006765.1_ASM676v1_genomic_NC_002516.2	NODE_17_length_271995_cov_262.106968	99.74		True
fake: not a misassembly [linear representation of circular genome]
1	41215	230780	271995	GCF_000006765.1_ASM676v1_genomic_NC_002516.2	NODE_17_length_271995_cov_262.106968	99.58		True
CONTIG	NODE_17_length_271995_cov_262.106968	271995	misassembled
1244530	1247979	3503	54	GCF_000006765.1_ASM676v1_genomic_NC_002516.2	NODE_22_length_221448_cov_204.746726	99.45		True
local misassembly
1242899	1243394	4943	4448	GCF_000006765.1_ASM676v1_genomic_NC_002516.2	NODE_22_length_221448_cov_204.746726	96.98		True
local misassembly
1187274	1242668	61437	6041	GCF_000006765.1_ASM676v1_genomic_NC_002516.2	NODE_22_length_221448_cov_204.746726	99.41		True
relocation, inconsistency = -3505
1096940	1174198	155281	78018	GCF_000006765.1_ASM676v1_genomic_NC_002516.2	NODE_22_length_221448_cov_204.746726	98.94		True
relocation, inconsistency = -6821
1069383	1096956	189640	162086	GCF_000006765.1_ASM676v1_genomic_NC_002516.2	NODE_22_length_221448_cov_204.746726	98.94		True
relocation, inconsistency = 8950
1028645	1060432	221448	189641	GCF_000006765.1_ASM676v1_genomic_NC_002516.2	NODE_22_length_221448_cov_204.746726	99.26		True
CONTIG	NODE_22_length_221448_cov_204.746726	221448	misassembled
4839197	4858479	1	19295	GCF_000006765.1_ASM676v1_genomic_NC_002516.2	NODE_23_length_212077_cov_235.102532	99.53		True
local misassembly
4858419	5050782	19457	211821	GCF_000006765.1_ASM676v1_genomic_NC_002516.2	NODE_23_length_212077_cov_235.102532	99.45		True
CONTIG	NODE_23_length_212077_cov_235.102532	212077	correct
3684539	3778172	96913	3316	GCF_000006765.1_ASM676v1_genomic_NC_002516.2	NODE_25_length_204459_cov_178.138119	99.57		True
local misassembly
3618636	3683575	162817	97877	GCF_000006765.1_ASM676v1_genomic_NC_002516.2	NODE_25_length_204459_cov_178.138119	99.43		True
local misassembly
3577114	3618710	204459	162857	GCF_000006765.1_ASM676v1_genomic_NC_002516.2	NODE_25_length_204459_cov_178.138119	99.74		True
CONTIG	NODE_25_length_204459_cov_178.138119	204459	correct
69537	230535	76	161011	GCF_000006765.1_ASM676v1_genomic_NC_002516.2	NODE_27_length_188778_cov_173.078035	99.55		True
relocation, inconsistency = 6586
237163	264839	161053	188746	GCF_000006765.1_ASM676v1_genomic_NC_002516.2	NODE_27_length_188778_cov_173.078035	99.61		True
CONTIG	NODE_27_length_188778_cov_173.078035	188778	misassembled
2570469	2640136	56	69712	GCF_000006765.1_ASM676v1_genomic_NC_002516.2	NODE_28_length_187724_cov_140.327081	99.3		True
local misassembly
2641521	2647640	71078	77195	GCF_000006765.1_ASM676v1_genomic_NC_002516.2	NODE_28_length_187724_cov_140.327081	96.97		True
local misassembly
2648321	2653057	77888	82621	GCF_000006765.1_ASM676v1_genomic_NC_002516.2	NODE_28_length_187724_cov_140.327081	92.78		True
relocation, inconsistency = 21218
2683966	2685697	92312	94043	GCF_000006765.1_ASM676v1_genomic_NC_002516.2	NODE_28_length_187724_cov_140.327081	95.42		True
relocation, inconsistency = -27762
2672266	2673484	108374	109592	GCF_000006765.1_ASM676v1_genomic_NC_002516.2	NODE_28_length_187724_cov_140.327081	90.08		True
relocation, inconsistency = 7623
2682632	2707184	111117	135648	GCF_000006765.1_ASM676v1_genomic_NC_002516.2	NODE_28_length_187724_cov_140.327081	98.42		True
relocation, inconsistency = -1003
2707666	2722710	137133	152177	GCF_000006765.1_ASM676v1_genomic_NC_002516.2	NODE_28_length_187724_cov_140.327081	99.36		True
local misassembly
2723313	2757549	153472	187724	GCF_000006765.1_ASM676v1_genomic_NC_002516.2	NODE_28_length_187724_cov_140.327081	99.22		True
CONTIG	NODE_28_length_187724_cov_140.327081	187724	misassembled
4310765	4326869	1	16105	GCF_000006765.1_ASM676v1_genomic_NC_002516.2	NODE_29_length_183671_cov_225.762472	99.47		True
relocation, inconsistency = 6336
4333206	4376753	16106	59649	GCF_000006765.1_ASM676v1_genomic_NC_002516.2	NODE_29_length_183671_cov_225.762472	99.53		True
local misassembly
4377012	4473543	59650	156209	GCF_000006765.1_ASM676v1_genomic_NC_002516.2	NODE_29_length_183671_cov_225.762472	99.65		True
relocation, inconsistency = 1372
4474916	4502376	156210	183671	GCF_000006765.1_ASM676v1_genomic_NC_002516.2	NODE_29_length_183671_cov_225.762472	99.65		True
CONTIG	NODE_29_length_183671_cov_225.762472	183671	misassembled
297777	370486	1	72735	GCF_000006765.1_ASM676v1_genomic_NC_002516.2	NODE_30_length_183055_cov_214.753612	99.49		True
local misassembly
370706	480074	73712	183055	GCF_000006765.1_ASM676v1_genomic_NC_002516.2	NODE_30_length_183055_cov_214.753612	99.61		True
CONTIG	NODE_30_length_183055_cov_214.753612	183055	correct
5101243	5187517	86278	7	GCF_000006765.1_ASM676v1_genomic_NC_002516.2	NODE_32_length_175234_cov_237.296913	99.42		True
local misassembly
5086925	5100864	100611	86672	GCF_000006765.1_ASM676v1_genomic_NC_002516.2	NODE_32_length_175234_cov_237.296913	99.67		True
relocation, inconsistency = 4025727
1060433	1061197	100612	101365	GCF_000006765.1_ASM676v1_genomic_NC_002516.2	NODE_32_length_175234_cov_237.296913	92.79		True
relocation, inconsistency = -10019
1062435	1064232	112622	114421	GCF_000006765.1_ASM676v1_genomic_NC_002516.2	NODE_32_length_175234_cov_237.296913	97.72		True
relocation, inconsistency = -3812
1064259	1065080	118260	119080	GCF_000006765.1_ASM676v1_genomic_NC_002516.2	NODE_32_length_175234_cov_237.296913	92.1		True
relocation, inconsistency = -43367
1065390	1065785	162757	163152	GCF_000006765.1_ASM676v1_genomic_NC_002516.2	NODE_32_length_175234_cov_237.296913	94.7		True
CONTIG	NODE_32_length_175234_cov_237.296913	175234	misassembled
4658362	4672822	14507	48	GCF_000006765.1_ASM676v1_genomic_NC_002516.2	NODE_33_length_173536_cov_162.519579	99.45		True
relocation, inconsistency = -5159
4554322	4658246	123718	19782	GCF_000006765.1_ASM676v1_genomic_NC_002516.2	NODE_33_length_173536_cov_162.519579	99.38		True
local misassembly
4528680	4553808	148818	123719	GCF_000006765.1_ASM676v1_genomic_NC_002516.2	NODE_33_length_173536_cov_162.519579	99.42		True
local misassembly
4503735	4528453	173536	148819	GCF_000006765.1_ASM676v1_genomic_NC_002516.2	NODE_33_length_173536_cov_162.519579	99.76		True
CONTIG	NODE_33_length_173536_cov_162.519579	173536	misassembled
480020	499828	1	19809	GCF_000006765.1_ASM676v1_genomic_NC_002516.2	NODE_35_length_166401_cov_232.662036	99.65		True
relocation, inconsistency = 1473
501302	515760	19810	34266	GCF_000006765.1_ASM676v1_genomic_NC_002516.2	NODE_35_length_166401_cov_232.662036	99.36		True
local misassembly
516029	521331	34268	39569	GCF_000006765.1_ASM676v1_genomic_NC_002516.2	NODE_35_length_166401_cov_232.662036	99.18		True
local misassembly
521570	556266	39570	74252	GCF_000006765.1_ASM676v1_genomic_NC_002516.2	NODE_35_length_166401_cov_232.662036	99.2		True
relocation, inconsistency = 1088
558755	628414	75653	145336	GCF_000006765.1_ASM676v1_genomic_NC_002516.2	NODE_35_length_166401_cov_232.662036	99.54		True
CONTIG	NODE_35_length_166401_cov_232.662036	166401	misassembled
1496003	1575830	57	79868	GCF_000006765.1_ASM676v1_genomic_NC_002516.2	NODE_39_length_148387_cov_185.055288	99.41		True
local misassembly
1575138	1598962	79869	103693	GCF_000006765.1_ASM676v1_genomic_NC_002516.2	NODE_39_length_148387_cov_185.055288	99.61		True
local misassembly
1600081	1644271	104211	148387	GCF_000006765.1_ASM676v1_genomic_NC_002516.2	NODE_39_length_148387_cov_185.055288	99.24		True
CONTIG	NODE_39_length_148387_cov_185.055288	148387	correct
1353416	1481162	1	127689	GCF_000006765.1_ASM676v1_genomic_NC_002516.2	NODE_42_length_138231_cov_157.706570	99.48		True
relocation, inconsistency = 5864
1489618	1495495	130281	136130	GCF_000006765.1_ASM676v1_genomic_NC_002516.2	NODE_42_length_138231_cov_157.706570	98.37		True
relocation, inconsistency = -1547
1495586	1496000	137768	138182	GCF_000006765.1_ASM676v1_genomic_NC_002516.2	NODE_42_length_138231_cov_157.706570	97.83		True
CONTIG	NODE_42_length_138231_cov_157.706570	138231	misassembled
5915471	5925966	1	10461	GCF_000006765.1_ASM676v1_genomic_NC_002516.2	NODE_45_length_125107_cov_252.752503	99.17		True
relocation, inconsistency = -1004
5930760	6039582	16259	125107	GCF_000006765.1_ASM676v1_genomic_NC_002516.2	NODE_45_length_125107_cov_252.752503	99.55		True
CONTIG	NODE_45_length_125107_cov_252.752503	125107	misassembled
727223	784710	1	57475	GCF_000006765.1_ASM676v1_genomic_NC_002516.2	NODE_47_length_118939_cov_131.115365	99.34		True
local misassembly
783739	785338	57476	59075	GCF_000006765.1_ASM676v1_genomic_NC_002516.2	NODE_47_length_118939_cov_131.115365	98.56		True
local misassembly
789727	789916	64040	64227	GCF_000006765.1_ASM676v1_genomic_NC_002516.2	NODE_47_length_118939_cov_131.115365	92.15		True
relocation, inconsistency = 4045
794431	848617	64697	118885	GCF_000006765.1_ASM676v1_genomic_NC_002516.2	NODE_47_length_118939_cov_131.115365	99.47		True
CONTIG	NODE_47_length_118939_cov_131.115365	118939	misassembled
999717	1029195	29534	56	GCF_000006765.1_ASM676v1_genomic_NC_002516.2	NODE_49_length_117462_cov_223.823333	99.69		True
relocation, inconsistency = -38971
950847	999724	117394	68498	GCF_000006765.1_ASM676v1_genomic_NC_002516.2	NODE_49_length_117462_cov_223.823333	99.51		True
CONTIG	NODE_49_length_117462_cov_223.823333	117462	misassembled
5189181	5221615	1	32444	GCF_000006765.1_ASM676v1_genomic_NC_002516.2	NODE_54_length_104367_cov_256.982332	99.26		True
local misassembly
5220933	5241843	32445	53355	GCF_000006765.1_ASM676v1_genomic_NC_002516.2	NODE_54_length_104367_cov_256.982332	99.72		True
relocation, inconsistency = -28711
5241836	5264145	82059	104367	GCF_000006765.1_ASM676v1_genomic_NC_002516.2	NODE_54_length_104367_cov_256.982332	99.41		True
CONTIG	NODE_54_length_104367_cov_256.982332	104367	misassembled
1247975	1340741	53	92806	GCF_000006765.1_ASM676v1_genomic_NC_002516.2	NODE_55_length_103750_cov_165.100419	99.47		True
relocation, inconsistency = 2573
1343379	1345646	92871	95138	GCF_000006765.1_ASM676v1_genomic_NC_002516.2	NODE_55_length_103750_cov_165.100419	99.51		True
local misassembly
1344914	1353470	95139	103695	GCF_000006765.1_ASM676v1_genomic_NC_002516.2	NODE_55_length_103750_cov_165.100419	99.58		True
CONTIG	NODE_55_length_103750_cov_165.100419	103750	misassembled
848563	896139	1	47587	GCF_000006765.1_ASM676v1_genomic_NC_002516.2	NODE_59_length_101134_cov_148.970518	99.5		True
relocation, inconsistency = 1177
901468	950823	51739	101090	GCF_000006765.1_ASM676v1_genomic_NC_002516.2	NODE_59_length_101134_cov_148.970518	99.58		True
CONTIG	NODE_59_length_101134_cov_148.970518	101134	misassembled
2803519	2877240	73718	1	GCF_000006765.1_ASM676v1_genomic_NC_002516.2	NODE_61_length_96638_cov_155.867792	99.56		True
local misassembly
2780503	2803422	96638	73719	GCF_000006765.1_ASM676v1_genomic_NC_002516.2	NODE_61_length_96638_cov_155.867792	99.48		True
CONTIG	NODE_61_length_96638_cov_155.867792	96638	correct
630516	654090	13920	37494	GCF_000006765.1_ASM676v1_genomic_NC_002516.2	NODE_62_length_94138_cov_264.741643	99.38		True
local misassembly
655203	656593	38625	40015	GCF_000006765.1_ASM676v1_genomic_NC_002516.2	NODE_62_length_94138_cov_264.741643	98.63		True
relocation, inconsistency = -2990
656594	680157	43006	66567	GCF_000006765.1_ASM676v1_genomic_NC_002516.2	NODE_62_length_94138_cov_264.741643	99.54		True
local misassembly
681341	689219	67774	75652	GCF_000006765.1_ASM676v1_genomic_NC_002516.2	NODE_62_length_94138_cov_264.741643	99.3		True
relocation, inconsistency = 13908
703162	721614	75687	94138	GCF_000006765.1_ASM676v1_genomic_NC_002516.2	NODE_62_length_94138_cov_264.741643	99.3		True
CONTIG	NODE_62_length_94138_cov_264.741643	94138	misassembled
4720069	4788572	68505	1	GCF_000006765.1_ASM676v1_genomic_NC_002516.2	NODE_71_length_68627_cov_155.280231	99.5		True
CONTIG	NODE_71_length_68627_cov_155.280231	68627	correct
3812843	3841897	29050	45	GCF_000006765.1_ASM676v1_genomic_NC_002516.2	NODE_73_length_65668_cov_165.172832	99.29		True
local misassembly
3778655	3812755	63142	29051	GCF_000006765.1_ASM676v1_genomic_NC_002516.2	NODE_73_length_65668_cov_165.172832	99.26		True
CONTIG	NODE_73_length_65668_cov_165.172832	65668	correct
2122521	2170093	47576	1	GCF_000006765.1_ASM676v1_genomic_NC_002516.2	NODE_85_length_47795_cov_144.407646	99.38		True
CONTIG	NODE_85_length_47795_cov_144.407646	47795	correct
2522460	2544597	1	22142	GCF_000006765.1_ASM676v1_genomic_NC_002516.2	NODE_86_length_47107_cov_134.215357	99.45		True
local misassembly
2544060	2545310	22143	23393	GCF_000006765.1_ASM676v1_genomic_NC_002516.2	NODE_86_length_47107_cov_134.215357	99.52		True
local misassembly
2544738	2556801	23394	35456	GCF_000006765.1_ASM676v1_genomic_NC_002516.2	NODE_86_length_47107_cov_134.215357	99.12		True
relocation, inconsistency = 2035
2558837	2570523	35457	47107	GCF_000006765.1_ASM676v1_genomic_NC_002516.2	NODE_86_length_47107_cov_134.215357	99.04		True
CONTIG	NODE_86_length_47107_cov_134.215357	47107	misassembled
5050782	5053630	61	2909	GCF_000006765.1_ASM676v1_genomic_NC_002516.2	NODE_88_length_46768_cov_291.921414	99.16		True
local misassembly
5055626	5069017	4944	18335	GCF_000006765.1_ASM676v1_genomic_NC_002516.2	NODE_88_length_46768_cov_291.921414	99.25		True
relocation, inconsistency = -1450
5072399	5086973	23167	37681	GCF_000006765.1_ASM676v1_genomic_NC_002516.2	NODE_88_length_46768_cov_291.921414	98.55		True
CONTIG	NODE_88_length_46768_cov_291.921414	46768	misassembled
2076964	2116525	42866	3306	GCF_000006765.1_ASM676v1_genomic_NC_002516.2	NODE_89_length_43085_cov_168.120567	99.36		True
CONTIG	NODE_89_length_43085_cov_168.120567	43085	correct
4672934	4714455	46	41594	GCF_000006765.1_ASM676v1_genomic_NC_002516.2	NODE_92_length_41594_cov_137.138232	99.46		True
CONTIG	NODE_92_length_41594_cov_137.138232	41594	correct
4794219	4833166	38946	1	GCF_000006765.1_ASM676v1_genomic_NC_002516.2	NODE_98_length_38946_cov_227.818261	99.43		True
CONTIG	NODE_98_length_38946_cov_227.818261	38946	correct
2486251	2521314	44	35106	GCF_000006765.1_ASM676v1_genomic_NC_002516.2	NODE_101_length_35106_cov_136.459673	99.62		True
CONTIG	NODE_101_length_35106_cov_136.459673	35106	correct
287270	297107	9842	1	GCF_000006765.1_ASM676v1_genomic_NC_002516.2	NODE_103_length_33399_cov_243.518054	99.18		True
local misassembly
286332	287850	11361	9843	GCF_000006765.1_ASM676v1_genomic_NC_002516.2	NODE_103_length_33399_cov_243.518054	99.8		True
local misassembly
264842	286235	33353	11963	GCF_000006765.1_ASM676v1_genomic_NC_002516.2	NODE_103_length_33399_cov_243.518054	99.41		True
CONTIG	NODE_103_length_33399_cov_243.518054	33399	correct
789699	789917	16652	16868	GCF_000006765.1_ASM676v1_genomic_NC_002516.2	NODE_105_length_31705_cov_102.423096	90.41		True
CONTIG	NODE_105_length_31705_cov_102.423096	31705	correct_unaligned
56084	68711	12745	126	GCF_000006765.1_ASM676v1_genomic_NC_002516.2	NODE_112_length_24223_cov_153.572699	99.09		True
local misassembly
54050	54839	14521	13732	GCF_000006765.1_ASM676v1_genomic_NC_002516.2	NODE_112_length_24223_cov_153.572699	98.99		True
local misassembly
44247	53082	24223	15388	GCF_000006765.1_ASM676v1_genomic_NC_002516.2	NODE_112_length_24223_cov_153.572699	98.97		True
CONTIG	NODE_112_length_24223_cov_153.572699	24223	correct
2761408	2762955	1699	3269	GCF_000006765.1_ASM676v1_genomic_NC_002516.2	NODE_116_length_21264_cov_215.527229	96.63		True
relocation, inconsistency = -4505
2759147	2760356	3966	5175	GCF_000006765.1_ASM676v1_genomic_NC_002516.2	NODE_116_length_21264_cov_215.527229	99.17		True
local misassembly
2762285	2766330	6129	10138	GCF_000006765.1_ASM676v1_genomic_NC_002516.2	NODE_116_length_21264_cov_215.527229	96.97		True
local misassembly
2767292	2777471	11085	21264	GCF_000006765.1_ASM676v1_genomic_NC_002516.2	NODE_116_length_21264_cov_215.527229	99.15		True
CONTIG	NODE_116_length_21264_cov_215.527229	21264	misassembled
1650539	1671394	54	20909	GCF_000006765.1_ASM676v1_genomic_NC_002516.2	NODE_117_length_20933_cov_194.750263	99.58		True
CONTIG	NODE_117_length_20933_cov_194.750263	20933	correct
3099303	3118745	423	19864	GCF_000006765.1_ASM676v1_genomic_NC_002516.2	NODE_118_length_19864_cov_206.598516	99.21		True
CONTIG	NODE_118_length_19864_cov_206.598516	19864	correct
1061199	1061495	14933	15229	GCF_000006765.1_ASM676v1_genomic_NC_002516.2	NODE_119_length_16809_cov_187.355020	97.64		True
CONTIG	NODE_119_length_16809_cov_187.355020	16809	correct_unaligned
1644941	1645012	1	72	GCF_000006765.1_ASM676v1_genomic_NC_002516.2	NODE_133_length_5787_cov_140.547104	100.0		True
local misassembly
1645024	1650587	217	5781	GCF_000006765.1_ASM676v1_genomic_NC_002516.2	NODE_133_length_5787_cov_140.547104	99.62		True
CONTIG	NODE_133_length_5787_cov_140.547104	5787	correct
6039575	6045268	5696	1	GCF_000006765.1_ASM676v1_genomic_NC_002516.2	NODE_134_length_5696_cov_323.007800	98.91		True
CONTIG	NODE_134_length_5696_cov_323.007800	5696	correct
2071296	2076982	5687	1	GCF_000006765.1_ASM676v1_genomic_NC_002516.2	NODE_135_length_5687_cov_267.502308	99.28		True
CONTIG	NODE_135_length_5687_cov_267.502308	5687	correct
4833188	4837003	3816	1	GCF_000006765.1_ASM676v1_genomic_NC_002516.2	NODE_143_length_3816_cov_186.448285	99.79		True
CONTIG	NODE_143_length_3816_cov_186.448285	3816	correct
41161	44301	3141	1	GCF_000006765.1_ASM676v1_genomic_NC_002516.2	NODE_149_length_3141_cov_401.110823	99.33		True
CONTIG	NODE_149_length_3141_cov_401.110823	3141	correct
2757495	2759146	1	1651	GCF_000006765.1_ASM676v1_genomic_NC_002516.2	NODE_151_length_2682_cov_102.248573	98.43		True
CONTIG	NODE_151_length_2682_cov_102.248573	2682	correct
4837038	4839129	1	2092	GCF_000006765.1_ASM676v1_genomic_NC_002516.2	NODE_158_length_2092_cov_194.288660	99.19		True
CONTIG	NODE_158_length_2092_cov_194.288660	2092	correct
2170039	2171506	1468	1	GCF_000006765.1_ASM676v1_genomic_NC_002516.2	NODE_164_length_1468_cov_407.095541	99.66		True
CONTIG	NODE_164_length_1468_cov_407.095541	1468	correct
2556868	2558241	1	1374	GCF_000006765.1_ASM676v1_genomic_NC_002516.2	NODE_165_length_1374_cov_2182.085671	99.78		True
CONTIG	NODE_165_length_1374_cov_2182.085671	1374	correct
3575914	3577168	1	1255	GCF_000006765.1_ASM676v1_genomic_NC_002516.2	NODE_169_length_1255_cov_269.765000	99.76		True
CONTIG	NODE_169_length_1255_cov_269.765000	1255	correct
4309916	4310819	1	904	GCF_000006765.1_ASM676v1_genomic_NC_002516.2	NODE_177_length_904_cov_554.525324	99.23		True
CONTIG	NODE_177_length_904_cov_554.525324	904	correct
2118566	2119389	1	824	GCF_000006765.1_ASM676v1_genomic_NC_002516.2	NODE_178_length_824_cov_797.895969	98.91		True
CONTIG	NODE_178_length_824_cov_797.895969	824	correct
1644217	1644995	1	779	GCF_000006765.1_ASM676v1_genomic_NC_002516.2	NODE_179_length_779_cov_467.349448	99.87		True
CONTIG	NODE_179_length_779_cov_467.349448	779	correct
